image,label
forest\20134.jpg,forest
forest\20136.jpg,forest
forest\20147.jpg,forest
forest\20150.jpg,forest
forest\20151.jpg,forest
forest\20159.jpg,forest
forest\20166.jpg,forest
forest\20173.jpg,forest
forest\20175.jpg,forest
forest\20225.jpg,forest
forest\20229.jpg,forest
forest\20242.jpg,forest
forest\20252.jpg,forest
forest\20260.jpg,forest
forest\20261.jpg,forest
forest\20274.jpg,forest
forest\20288.jpg,forest
forest\20299.jpg,forest
forest\20306.jpg,forest
forest\20311.jpg,forest
forest\20315.jpg,forest
forest\20319.jpg,forest
forest\20322.jpg,forest
forest\20328.jpg,forest
forest\20330.jpg,forest
forest\20384.jpg,forest
forest\20400.jpg,forest
forest\20411.jpg,forest
forest\20416.jpg,forest
forest\20439.jpg,forest
forest\20447.jpg,forest
forest\20448.jpg,forest
forest\20450.jpg,forest
forest\20485.jpg,forest
forest\20502.jpg,forest
forest\20510.jpg,forest
forest\20533.jpg,forest
forest\20544.jpg,forest
forest\20556.jpg,forest
forest\20563.jpg,forest
forest\20568.jpg,forest
forest\20582.jpg,forest
forest\20596.jpg,forest
forest\20605.jpg,forest
forest\20619.jpg,forest
forest\20620.jpg,forest
forest\20638.jpg,forest
forest\20650.jpg,forest
forest\20660.jpg,forest
forest\20674.jpg,forest
forest\20685.jpg,forest
forest\20686.jpg,forest
forest\20714.jpg,forest
forest\20717.jpg,forest
forest\20718.jpg,forest
forest\20728.jpg,forest
forest\20731.jpg,forest
forest\20740.jpg,forest
forest\20754.jpg,forest
forest\20756.jpg,forest
forest\20761.jpg,forest
forest\20774.jpg,forest
forest\20779.jpg,forest
forest\20782.jpg,forest
forest\20785.jpg,forest
forest\20794.jpg,forest
forest\20800.jpg,forest
forest\20801.jpg,forest
forest\20816.jpg,forest
forest\20825.jpg,forest
forest\20831.jpg,forest
forest\20833.jpg,forest
forest\20885.jpg,forest
forest\20894.jpg,forest
forest\20900.jpg,forest
forest\20916.jpg,forest
forest\20925.jpg,forest
forest\20927.jpg,forest
forest\20929.jpg,forest
forest\20930.jpg,forest
forest\20938.jpg,forest
forest\20947.jpg,forest
forest\20958.jpg,forest
forest\20978.jpg,forest
forest\20984.jpg,forest
forest\20996.jpg,forest
forest\21001.jpg,forest
forest\21016.jpg,forest
forest\21018.jpg,forest
forest\21020.jpg,forest
forest\21046.jpg,forest
forest\21052.jpg,forest
forest\21087.jpg,forest
forest\21091.jpg,forest
forest\21095.jpg,forest
forest\21097.jpg,forest
forest\21105.jpg,forest
forest\21106.jpg,forest
forest\21125.jpg,forest
forest\21126.jpg,forest
glacier\20287.jpg,glacier
glacier\20307.jpg,glacier
glacier\20310.jpg,glacier
glacier\20326.jpg,glacier
glacier\20372.jpg,glacier
glacier\20373.jpg,glacier
glacier\20413.jpg,glacier
glacier\20414.jpg,glacier
glacier\20418.jpg,glacier
glacier\20423.jpg,glacier
glacier\20433.jpg,glacier
glacier\20458.jpg,glacier
glacier\20477.jpg,glacier
glacier\20490.jpg,glacier
glacier\20495.jpg,glacier
glacier\20508.jpg,glacier
glacier\20539.jpg,glacier
glacier\20560.jpg,glacier
glacier\20566.jpg,glacier
glacier\20570.jpg,glacier
glacier\20598.jpg,glacier
glacier\20616.jpg,glacier
glacier\20706.jpg,glacier
glacier\20712.jpg,glacier
glacier\20713.jpg,glacier
glacier\20726.jpg,glacier
glacier\20751.jpg,glacier
glacier\20802.jpg,glacier
glacier\20842.jpg,glacier
glacier\20844.jpg,glacier
glacier\20851.jpg,glacier
glacier\20854.jpg,glacier
glacier\20868.jpg,glacier
glacier\20887.jpg,glacier
glacier\20906.jpg,glacier
glacier\20910.jpg,glacier
glacier\20917.jpg,glacier
glacier\20924.jpg,glacier
glacier\20948.jpg,glacier
glacier\20949.jpg,glacier
glacier\20950.jpg,glacier
glacier\20965.jpg,glacier
glacier\20998.jpg,glacier
glacier\21000.jpg,glacier
glacier\21008.jpg,glacier
glacier\21025.jpg,glacier
glacier\21043.jpg,glacier
glacier\21049.jpg,glacier
glacier\21053.jpg,glacier
glacier\21060.jpg,glacier
glacier\21090.jpg,glacier
glacier\21092.jpg,glacier
glacier\21149.jpg,glacier
glacier\21230.jpg,glacier
glacier\21269.jpg,glacier
glacier\21302.jpg,glacier
glacier\21303.jpg,glacier
glacier\21409.jpg,glacier
glacier\21411.jpg,glacier
glacier\21412.jpg,glacier
glacier\21450.jpg,glacier
glacier\21473.jpg,glacier
glacier\21537.jpg,glacier
glacier\21543.jpg,glacier
glacier\21544.jpg,glacier
glacier\21551.jpg,glacier
glacier\21556.jpg,glacier
glacier\21575.jpg,glacier
glacier\21596.jpg,glacier
glacier\21615.jpg,glacier
glacier\21669.jpg,glacier
glacier\21684.jpg,glacier
glacier\21727.jpg,glacier
glacier\21747.jpg,glacier
glacier\21751.jpg,glacier
glacier\21762.jpg,glacier
glacier\21766.jpg,glacier
glacier\21799.jpg,glacier
glacier\21804.jpg,glacier
glacier\21824.jpg,glacier
glacier\21842.jpg,glacier
glacier\21859.jpg,glacier
glacier\21874.jpg,glacier
glacier\21926.jpg,glacier
glacier\21950.jpg,glacier
glacier\21961.jpg,glacier
glacier\21967.jpg,glacier
glacier\21982.jpg,glacier
glacier\21986.jpg,glacier
glacier\22005.jpg,glacier
glacier\22026.jpg,glacier
glacier\22043.jpg,glacier
glacier\22079.jpg,glacier
glacier\22112.jpg,glacier
glacier\22133.jpg,glacier
glacier\22137.jpg,glacier
glacier\22161.jpg,glacier
glacier\22212.jpg,glacier
glacier\22235.jpg,glacier
glacier\22254.jpg,glacier
mountain\20226.jpg,mountain
mountain\20232.jpg,mountain
mountain\20276.jpg,mountain
mountain\20277.jpg,mountain
mountain\20282.jpg,mountain
mountain\20327.jpg,mountain
mountain\20334.jpg,mountain
mountain\20363.jpg,mountain
mountain\20397.jpg,mountain
mountain\20401.jpg,mountain
mountain\20438.jpg,mountain
mountain\20443.jpg,mountain
mountain\20444.jpg,mountain
mountain\20455.jpg,mountain
mountain\20479.jpg,mountain
mountain\20497.jpg,mountain
mountain\20512.jpg,mountain
mountain\20528.jpg,mountain
mountain\20545.jpg,mountain
mountain\20559.jpg,mountain
mountain\20585.jpg,mountain
mountain\20589.jpg,mountain
mountain\20599.jpg,mountain
mountain\20608.jpg,mountain
mountain\20613.jpg,mountain
mountain\20617.jpg,mountain
mountain\20626.jpg,mountain
mountain\20627.jpg,mountain
mountain\20655.jpg,mountain
mountain\20657.jpg,mountain
mountain\20690.jpg,mountain
mountain\20691.jpg,mountain
mountain\20767.jpg,mountain
mountain\20781.jpg,mountain
mountain\20796.jpg,mountain
mountain\20847.jpg,mountain
mountain\20853.jpg,mountain
mountain\20867.jpg,mountain
mountain\20870.jpg,mountain
mountain\20871.jpg,mountain
mountain\20941.jpg,mountain
mountain\20961.jpg,mountain
mountain\20971.jpg,mountain
mountain\20991.jpg,mountain
mountain\21038.jpg,mountain
mountain\21040.jpg,mountain
mountain\21055.jpg,mountain
mountain\21096.jpg,mountain
mountain\21115.jpg,mountain
mountain\21118.jpg,mountain
mountain\21162.jpg,mountain
mountain\21201.jpg,mountain
mountain\21226.jpg,mountain
mountain\21236.jpg,mountain
mountain\21256.jpg,mountain
mountain\21262.jpg,mountain
mountain\21276.jpg,mountain
mountain\21280.jpg,mountain
mountain\21340.jpg,mountain
mountain\21348.jpg,mountain
mountain\21349.jpg,mountain
mountain\21369.jpg,mountain
mountain\22716.jpg,mountain
mountain\22720.jpg,mountain
mountain\22761.jpg,mountain
mountain\22769.jpg,mountain
mountain\22780.jpg,mountain
mountain\22790.jpg,mountain
mountain\22797.jpg,mountain
mountain\22799.jpg,mountain
mountain\22811.jpg,mountain
mountain\22820.jpg,mountain
mountain\22844.jpg,mountain
mountain\22846.jpg,mountain
mountain\22848.jpg,mountain
mountain\22852.jpg,mountain
mountain\22858.jpg,mountain
mountain\22866.jpg,mountain
mountain\22884.jpg,mountain
mountain\22885.jpg,mountain
mountain\22950.jpg,mountain
mountain\22959.jpg,mountain
mountain\22966.jpg,mountain
mountain\22992.jpg,mountain
mountain\23024.jpg,mountain
mountain\23051.jpg,mountain
mountain\23062.jpg,mountain
mountain\23079.jpg,mountain
mountain\23103.jpg,mountain
mountain\23141.jpg,mountain
mountain\23153.jpg,mountain
mountain\23166.jpg,mountain
mountain\23171.jpg,mountain
mountain\23201.jpg,mountain
mountain\23210.jpg,mountain
mountain\23232.jpg,mountain
mountain\23243.jpg,mountain
mountain\23245.jpg,mountain
mountain\23262.jpg,mountain
mountain\23266.jpg,mountain
sea\20138.jpg,sea
sea\20148.jpg,sea
sea\20165.jpg,sea
sea\20167.jpg,sea
sea\20168.jpg,sea
sea\20170.jpg,sea
sea\20171.jpg,sea
sea\20172.jpg,sea
sea\20185.jpg,sea
sea\20190.jpg,sea
sea\20212.jpg,sea
sea\20236.jpg,sea
sea\20240.jpg,sea
sea\20247.jpg,sea
sea\20255.jpg,sea
sea\20257.jpg,sea
sea\20264.jpg,sea
sea\20265.jpg,sea
sea\20267.jpg,sea
sea\20269.jpg,sea
sea\20273.jpg,sea
sea\20281.jpg,sea
sea\20283.jpg,sea
sea\20285.jpg,sea
sea\20289.jpg,sea
sea\20300.jpg,sea
sea\20305.jpg,sea
sea\20313.jpg,sea
sea\20316.jpg,sea
sea\20333.jpg,sea
sea\20341.jpg,sea
sea\20342.jpg,sea
sea\20347.jpg,sea
sea\20371.jpg,sea
sea\20382.jpg,sea
sea\20389.jpg,sea
sea\20392.jpg,sea
sea\20393.jpg,sea
sea\20395.jpg,sea
sea\20402.jpg,sea
sea\20419.jpg,sea
sea\20461.jpg,sea
sea\20472.jpg,sea
sea\20473.jpg,sea
sea\20476.jpg,sea
sea\20511.jpg,sea
sea\20513.jpg,sea
sea\20519.jpg,sea
sea\20520.jpg,sea
sea\20530.jpg,sea
sea\20531.jpg,sea
sea\20534.jpg,sea
sea\20595.jpg,sea
sea\20633.jpg,sea
sea\20634.jpg,sea
sea\20639.jpg,sea
sea\20640.jpg,sea
sea\20644.jpg,sea
sea\20647.jpg,sea
sea\20649.jpg,sea
sea\20664.jpg,sea
sea\20672.jpg,sea
sea\20678.jpg,sea
sea\20679.jpg,sea
sea\20687.jpg,sea
sea\20692.jpg,sea
sea\20694.jpg,sea
sea\20696.jpg,sea
sea\20704.jpg,sea
sea\20722.jpg,sea
sea\20735.jpg,sea
sea\20753.jpg,sea
sea\20759.jpg,sea
sea\20769.jpg,sea
sea\20811.jpg,sea
sea\20822.jpg,sea
sea\20834.jpg,sea
sea\20840.jpg,sea
sea\20841.jpg,sea
sea\20848.jpg,sea
sea\20856.jpg,sea
sea\20869.jpg,sea
sea\20873.jpg,sea
sea\20878.jpg,sea
sea\20879.jpg,sea
sea\20882.jpg,sea
sea\20889.jpg,sea
sea\20890.jpg,sea
sea\20893.jpg,sea
sea\20905.jpg,sea
sea\20909.jpg,sea
sea\20911.jpg,sea
sea\20946.jpg,sea
sea\20954.jpg,sea
sea\20955.jpg,sea
sea\21707.jpg,sea
sea\21710.jpg,sea
sea\21714.jpg,sea
sea\21729.jpg,sea
sea\21730.jpg,sea
urban\20131.jpg,urban
urban\20140.jpg,urban
urban\20177.jpg,urban
urban\20186.jpg,urban
urban\20206.jpg,urban
urban\20207.jpg,urban
urban\20218.jpg,urban
urban\20228.jpg,urban
urban\20241.jpg,urban
urban\20245.jpg,urban
urban\20246.jpg,urban
urban\20250.jpg,urban
urban\20268.jpg,urban
urban\20294.jpg,urban
urban\20309.jpg,urban
urban\20344.jpg,urban
urban\20350.jpg,urban
urban\20366.jpg,urban
urban\20374.jpg,urban
urban\20390.jpg,urban
urban\20394.jpg,urban
urban\20425.jpg,urban
urban\20430.jpg,urban
urban\20431.jpg,urban
urban\20436.jpg,urban
urban\20441.jpg,urban
urban\20449.jpg,urban
urban\20460.jpg,urban
urban\20465.jpg,urban
urban\20504.jpg,urban
urban\20515.jpg,urban
urban\20524.jpg,urban
urban\20536.jpg,urban
urban\20546.jpg,urban
urban\20549.jpg,urban
urban\20550.jpg,urban
urban\20553.jpg,urban
urban\20555.jpg,urban
urban\20574.jpg,urban
urban\20580.jpg,urban
urban\20581.jpg,urban
urban\20587.jpg,urban
urban\20597.jpg,urban
urban\20601.jpg,urban
urban\20606.jpg,urban
urban\20611.jpg,urban
urban\20628.jpg,urban
urban\20630.jpg,urban
urban\20635.jpg,urban
urban\20637.jpg,urban
urban\20646.jpg,urban
urban\20648.jpg,urban
urban\20663.jpg,urban
urban\20666.jpg,urban
urban\20688.jpg,urban
urban\20709.jpg,urban
urban\20710.jpg,urban
urban\20723.jpg,urban
urban\20725.jpg,urban
urban\20730.jpg,urban
urban\20733.jpg,urban
urban\20748.jpg,urban
urban\20752.jpg,urban
urban\20764.jpg,urban
urban\20766.jpg,urban
urban\20771.jpg,urban
urban\20776.jpg,urban
urban\20777.jpg,urban
urban\20788.jpg,urban
urban\20799.jpg,urban
urban\20804.jpg,urban
urban\20805.jpg,urban
urban\20826.jpg,urban
urban\20846.jpg,urban
urban\20858.jpg,urban
urban\20874.jpg,urban
urban\20895.jpg,urban
urban\20896.jpg,urban
urban\20898.jpg,urban
urban\20904.jpg,urban
urban\20918.jpg,urban
urban\20922.jpg,urban
urban\20926.jpg,urban
urban\20928.jpg,urban
urban\20952.jpg,urban
urban\20960.jpg,urban
urban\20966.jpg,urban
urban\20981.jpg,urban
urban\21011.jpg,urban
urban\21017.jpg,urban
urban\21041.jpg,urban
urban\21058.jpg,urban
urban\21099.jpg,urban
urban\21104.jpg,urban
urban\21141.jpg,urban
urban\21148.jpg,urban
urban\21151.jpg,urban
urban\21158.jpg,urban
urban\21159.jpg,urban
urban\21182.jpg,urban
